Households,RejRate
Singles,0.8162162162162162
Couples,0.8782435129740519
