DGP,AverageRejRate
1.0,0.2471185
2.0,0.80475
