DGP,AverageRejRate
1.0,0.530408
2.0,0.7936509999999998
